<application>
  <component name="LocalDatabaseDriverManager" version="201">
    <driver id="mongo">
      <artifact id="MongoDB" name="MongoDB" use="true" version="1.8.2" />
    </driver>
    <driver id="mysql.8">
      <artifact id="MySQL Connector/J" name="MySQL Connector/J" use="true" version="8.0.25" />
      <artifact id="MySQL Connector/J 8" name="MySQL Connector/J 8" use="true" version="8.0.15" />
    </driver>
    <driver id="mysql">
      <artifact />
      <artifact id="MySQL ConnectorJ" name="MySQL ConnectorJ" use="true" version="5.1.47" />
    </driver>
  </component>
</application>