<application>
  <component name="ExternalDiffSettings">
    <option name="DIFF_DEFAULT" value="true" />
    <option name="DIFF_ENABLED" value="true" />
    <option name="DIFF_EXE_PATH" value="/Applications/Beyond Compare.app/Contents/MacOS/bcomp" />
    <option name="MERGE_ENABLED" value="true" />
    <option name="MERGE_EXE_PATH" value="/Applications/Beyond Compare.app/Contents/MacOS/bcomp" />
    <option name="MERGE_TRUST_EXIT_CODE" value="true" />
  </component>
  <component name="TextDiffSettings">
    <option name="PLACES_MAP">
      <entry key="Default">
        <PlaceSettings>
          <option name="IGNORE_POLICY" value="IGNORE_WHITESPACES" />
        </PlaceSettings>
      </entry>
      <entry key="Merge">
        <PlaceSettings>
          <option name="ENABLE_SYNC_SCROLL" value="false" />
        </PlaceSettings>
      </entry>
      <entry key="VcsFileHistoryView">
        <PlaceSettings>
          <option name="EXPAND_BY_DEFAULT" value="false" />
          <option name="HIGHLIGHT_POLICY" value="BY_LINE" />
        </PlaceSettings>
      </entry>
    </option>
  </component>
</application>