<application>
  <component name="ProjectManager">
    <defaultProject>
      <component name="MavenImportPreferences">
        <option name="generalSettings">
          <MavenGeneralSettings>
            <option name="mavenHome" value="$USER_HOME$/dev-tools/apache-maven-3.6.3" />
            <option name="userSettingsFile" value="$USER_HOME$/dev-tools/apache-maven-3.6.3/conf/settings.xml" />
          </MavenGeneralSettings>
        </option>
      </component>
      <component name="PropertiesComponent">
        <property name="settings.editor.selected.configurable" value="MavenSettings" />
      </component>
      <component name="YarnPnpManager">
        <pnp-files />
      </component>
      <component name="masterDetails">
        <states>
          <state key="ProjectJDKs.UI">
            <settings>
              <last-edited>1.8</last-edited>
              <splitter-proportions>
                <option name="proportions">
                  <list>
                    <option value="0.2" />
                  </list>
                </option>
              </splitter-proportions>
            </settings>
          </state>
        </states>
      </component>
    </defaultProject>
  </component>
</application>