<application>
  <component name="UpdatesConfigurable">
    <option name="CHECK_NEEDED" value="false" />
    <option name="LAST_BUILD_CHECKED" value="IU-211.7628.21" />
    <option name="LAST_TIME_CHECKED" value="1662641381516" />
    <pluginHosts>
      <item value="https://plugins.jetbrains.com/plugins/alpha/5047" />
      <item value="http://ide.alibaba-inc.com/idea/plugins/list" />
      <item value="http://ide.alipay.net/plugin/list" />
    </pluginHosts>
    <option name="THIRD_PARTY_PLUGINS_ALLOWED" value="true" />
  </component>
</application>