<application>
  <component name="AppStorage">
    <option name="newTranslationDialogX" value="723" />
    <option name="newTranslationDialogY" value="148" />
    <histories>
      <item value="resolve Before Instantiation" />
      <item value="get Type For Factory Method" />
      <item value="determine Target Type" />
      <item value="predict Bean Type" />
      <item value="Resolve a bean instance for the given bean name, providing a dependency descriptor for exposure to target factory methods." />
      <item value="filtered Property Descriptors Cache" />
      <item value="allow Raw Injection Despite Wrapping" />
      <item value="instantiation Strategy" />
      <item value="Abstract bean factory superclass that implements default bean creation, with the full capabilities specified by the {@link RootBeanDefinition} class. Implements the {@link org.springframework.beans.factory.config.AutowireCapableBeanFactory} interface in addition to AbstractBeanFactory's {@link createBean} method." />
      <item value="marchant" />
      <item value="merchant" />
      <item value="ROUND UP" />
      <item value="new Scale" />
      <item value="actual" />
      <item value="Property Sources" />
      <item value="is Prototype Currently In Creation" />
      <item value="Guarantee initialization of beans that the current bean depends on." />
      <item value="the name of the dependent bean" />
      <item value="dependent" />
      <item value="is Dependent" />
      <item value="transitive Dependency" />
      <item value="the name of the bean to check" />
      <item value="Circular depends-on relationship" />
      <item value="Determine whether the specified dependent bean has been registered as dependent on the given bean or on any of its transitive dependencies." />
      <item value="whether the instance is obtained for a type check, not for actual use" />
      <item value="Participate in LiveBeansView MBean, if active." />
      <item value="In other words, after invocation of this method, either all or no singletons at all should be instantiated." />
      <item value="dangling" />
      <item value="Expose the logger to collaborating delegates." />
      <item value="get Preferred Constructors" />
      <item value="has Generics" />
      <item value="stale" />
      <item value="Names of beans that have already been created at least once" />
      <item value="Registrar" />
      <item value="property Editor Registrars" />
      <item value="Conversion Service" />
      <item value="Resolution strategy for expressions in bean definition values" />
      <item value="Whether to cache bean metadata or rather reobtain it for every access" />
      <item value="ClassLoader to temporarily resolve bean class names with, if necessary." />
      <item value="Listabel" />
      <item value="ancestors" />
      <item value="Return a 'merged' BeanDefinition for the given bean name, merging a child bean definition with its parent if necessary. &lt;p&gt;This {@code getMergedBeanDefinition} considers bean definition in ancestors as well." />
      <item value="aware" />
      <item value="Instantiation" />
      <item value="is Factory Dereference" />
      <item value="retrieving a bean definition for a given bean name and creating a bean instance for a given bean definition" />
      <item value="The main template methods to be implemented by subclasses are {@link getBeanDefinition} and {@link createBean}, retrieving a bean definition for a given bean name and creating a bean instance for a given bean definition, respectively." />
      <item value="&lt;p&gt;This class provides a singleton cache (through its base class {@link org.springframework.beans.factory.support.DefaultSingletonBeanRegistry}, singletonprototype determination" />
      <item value="Does &lt;i&gt;not&lt;i&gt; assume a listable bean factory: can therefore also be used as base class for bean factory implementations which obtain bean definitions from some backend resource (where bean definition access is an expensive operation)." />
      <item value="therefore&#10;" />
    </histories>
    <option name="languageScores">
      <map>
        <entry key="CHINESE" value="3368" />
        <entry key="ENGLISH" value="3369" />
        <entry key="ESTONIAN" value="1" />
        <entry key="POLISH" value="2" />
        <entry key="DANISH" value="6" />
        <entry key="GERMAN" value="4" />
        <entry key="FRENCH" value="2" />
        <entry key="FILIPINO" value="2" />
        <entry key="FINNISH" value="1" />
        <entry key="DUTCH" value="2" />
        <entry key="CZECH" value="2" />
        <entry key="MALAY" value="8" />
        <entry key="NORWEGIAN" value="3" />
        <entry key="PORTUGUESE" value="7" />
        <entry key="SPANISH" value="2" />
        <entry key="GREEK" value="1" />
        <entry key="HUNGARIAN" value="1" />
        <entry key="ITALIAN" value="6" />
        <entry key="HINDI" value="1" />
        <entry key="INDONESIAN" value="3" />
        <entry key="VIETNAMESE" value="1" />
      </map>
    </option>
  </component>
  <component name="Cache">
    <option name="lastTrimTime" value="1662628837514" />
  </component>
  <component name="Settings">
    <option name="baiduTranslateSettings">
      <app-key>
        <option name="appId" value="20200918000568562" />
      </app-key>
    </option>
    <option name="googleTranslateSettings">
      <google-translate>
        <option name="useTranslateGoogleCom" value="true" />
      </google-translate>
    </option>
    <option name="translator" value="BAIDU" />
    <option name="youdaoTranslateSettings">
      <youdao-translate>
        <option name="appId" value="2a51e2fd108c329a" />
      </youdao-translate>
    </option>
  </component>
</application>