<keymap version="1" name="custom-win" parent="$default">
  <action id="$Copy">
    <keyboard-shortcut first-keystroke="meta c" />
  </action>
  <action id="$Paste">
    <keyboard-shortcut first-keystroke="meta v" />
  </action>
  <action id="AppServers.RunServer">
    <keyboard-shortcut first-keystroke="alt r" />
  </action>
  <action id="Back">
    <keyboard-shortcut first-keystroke="ctrl alt left" />
  </action>
  <action id="CodeCompletion">
    <keyboard-shortcut first-keystroke="alt slash" />
  </action>
  <action id="CompareTwoFiles" />
  <action id="CopyPaths">
    <keyboard-shortcut first-keystroke="shift meta c" />
  </action>
  <action id="Diff.ShowDiff" />
  <action id="Editor Copy">
    <keyboard-shortcut first-keystroke="meta c" />
  </action>
  <action id="Editor Paste">
    <keyboard-shortcut first-keystroke="meta v" />
  </action>
  <action id="EditorDeleteLine">
    <keyboard-shortcut first-keystroke="ctrl d" />
  </action>
  <action id="EditorDuplicate">
    <keyboard-shortcut first-keystroke="ctrl y" />
  </action>
  <action id="EditorTranslateAction">
    <keyboard-shortcut first-keystroke="meta alt 1" />
  </action>
  <action id="FileChooser.GotoDesktop" />
  <action id="Forward">
    <keyboard-shortcut first-keystroke="ctrl alt right" />
  </action>
  <action id="HippieCompletion" />
  <action id="Maven.ReimportProject">
    <keyboard-shortcut first-keystroke="alt i" />
    <keyboard-shortcut first-keystroke="alt f5" />
  </action>
  <action id="NewClass">
    <keyboard-shortcut first-keystroke="alt n" />
  </action>
  <action id="RevealIn">
    <keyboard-shortcut first-keystroke="alt e" />
  </action>
  <action id="SendEOF" />
  <action id="ShelvedChanges.Diff" />
  <action id="SwitchApply">
    <keyboard-shortcut first-keystroke="shift alt enter" />
  </action>
  <action id="SwitchDown">
    <keyboard-shortcut first-keystroke="shift alt down" />
  </action>
  <action id="SwitchLeft">
    <keyboard-shortcut first-keystroke="shift alt left" />
  </action>
  <action id="SwitchRight">
    <keyboard-shortcut first-keystroke="shift alt right" />
  </action>
  <action id="SwitchUp">
    <keyboard-shortcut first-keystroke="shift alt up" />
  </action>
  <action id="editRunConfigurations">
    <keyboard-shortcut first-keystroke="alt u" />
  </action>
</keymap>