<keymap version="1" name="Mac OS X 10.5+ copy" parent="Mac OS X 10.5+">
  <action id="$EditorTranslateAction">
    <keyboard-shortcut first-keystroke="meta alt 1" />
  </action>
  <action id="$ShowTranslationDialogAction">
    <keyboard-shortcut first-keystroke="meta alt 2" />
  </action>
  <action id="Editor EditorTranslateAction">
    <keyboard-shortcut first-keystroke="meta alt 1" />
  </action>
  <action id="Editor ShowTranslationDialogAction">
    <keyboard-shortcut first-keystroke="meta alt 2" />
  </action>
  <action id="EditorTranslateAction">
    <keyboard-shortcut first-keystroke="meta alt 1" />
  </action>
  <action id="Scala.ShowImplicits">
    <keyboard-shortcut first-keystroke="shift ctrl alt equals" />
    <keyboard-shortcut first-keystroke="shift ctrl alt add" />
  </action>
  <action id="ShowTranslationDialogAction">
    <keyboard-shortcut first-keystroke="meta alt 2" />
  </action>
  <action id="SwitchApply">
    <keyboard-shortcut first-keystroke="ctrl alt enter" />
  </action>
  <action id="SwitchDown">
    <keyboard-shortcut first-keystroke="ctrl alt down" />
  </action>
  <action id="SwitchLeft">
    <keyboard-shortcut first-keystroke="ctrl alt left" />
  </action>
  <action id="SwitchRight">
    <keyboard-shortcut first-keystroke="ctrl alt right" />
  </action>
  <action id="SwitchUp">
    <keyboard-shortcut first-keystroke="ctrl alt up" />
  </action>
</keymap>