<keymap version="1" name="Mac-keymap" parent="Mac OS X">
  <action id="CommentByBlockComment">
    <keyboard-shortcut first-keystroke="shift meta slash" />
  </action>
  <action id="CommentByLineComment">
    <keyboard-shortcut first-keystroke="meta slash" />
  </action>
  <action id="EditorTranslateAction">
    <keyboard-shortcut first-keystroke="meta alt 1" />
  </action>
  <action id="ExclusiveTranslateAction">
    <keyboard-shortcut first-keystroke="meta alt 3" />
  </action>
  <action id="Images.Editor.ActualSize">
    <keyboard-shortcut first-keystroke="meta divide" />
  </action>
  <action id="InclusiveTranslateAction">
    <keyboard-shortcut first-keystroke="meta alt 4" />
  </action>
  <action id="ShowTranslationDialogAction">
    <keyboard-shortcut first-keystroke="meta alt 2" />
  </action>
</keymap>