<code_scheme name="Default (1)">
  <option name="USE_FQ_CLASS_NAMES" value="true" />
  <option name="JD_KEEP_INVALID_TAGS" value="false" />
  <option name="JD_DO_NOT_WRAP_ONE_LINE_COMMENTS" value="true" />
  <option name="JD_KEEP_EMPTY_PARAMETER" value="false" />
  <option name="JD_KEEP_EMPTY_EXCEPTION" value="false" />
  <option name="JD_KEEP_EMPTY_RETURN" value="false" />
  <option name="WRAP_COMMENTS" value="true" />
  <MarkdownNavigatorCodeStyleSettings>
    <option name="RIGHT_MARGIN" value="72" />
  </MarkdownNavigatorCodeStyleSettings>
  <XML>
    <option name="XML_LEGACY_SETTINGS_IMPORTED" value="true" />
  </XML>
  <codeStyleSettings language="JAVA">
    <option name="KEEP_LINE_BREAKS" value="false" />
    <option name="KEEP_FIRST_COLUMN_COMMENT" value="false" />
    <option name="KEEP_CONTROL_STATEMENT_IN_ONE_LINE" value="false" />
    <option name="KEEP_BLANK_LINES_IN_CODE" value="1" />
    <option name="SPACE_WITHIN_PARENTHESES" value="true" />
    <option name="SPACE_WITHIN_ARRAY_INITIALIZER_BRACES" value="true" />
    <option name="KEEP_MULTIPLE_EXPRESSIONS_IN_ONE_LINE" value="true" />
    <indentOptions>
      <option name="INDENT_SIZE" value="2" />
      <option name="TAB_SIZE" value="2" />
      <option name="USE_TAB_CHARACTER" value="true" />
      <option name="SMART_TABS" value="true" />
      <option name="KEEP_INDENTS_ON_EMPTY_LINES" value="true" />
    </indentOptions>
  </codeStyleSettings>
</code_scheme>