<code_scheme name="Default" version="173">
  <option name="CLASS_COUNT_TO_USE_IMPORT_ON_DEMAND" value="200" />
  <option name="NAMES_COUNT_TO_USE_IMPORT_ON_DEMAND" value="23" />
  <JavaCodeStyleSettings>
    <option name="CLASS_COUNT_TO_USE_IMPORT_ON_DEMAND" value="200" />
    <option name="NAMES_COUNT_TO_USE_IMPORT_ON_DEMAND" value="23" />
  </JavaCodeStyleSettings>
  <codeStyleSettings language="JAVA">
    <indentOptions>
      <option name="KEEP_INDENTS_ON_EMPTY_LINES" value="true" />
    </indentOptions>
  </codeStyleSettings>
</code_scheme>