<application>
  <component name="FileTypeManager" version="18">
    <extensionMap>
      <mapping pattern="Dockerfile_project" type="AUTO_DETECTED" />
      <mapping pattern="Dockerfile_staging" type="AUTO_DETECTED" />
      <mapping ext="space.kts" type="Kotlin" />
      <mapping ext="gradle.kts" type="Kotlin" />
      <mapping ext="main.kts" type="Kotlin" />
      <mapping pattern="sss" type="PLAIN_TEXT" />
      <mapping pattern="pipes-properties" type="PLAIN_TEXT" />
      <mapping pattern="Dockerfile_staging2" type="PLAIN_TEXT" />
      <mapping pattern="Dockerfile_testing" type="PLAIN_TEXT" />
      <mapping pattern="Dockerfile_testing2" type="PLAIN_TEXT" />
      <mapping pattern="Dockerfile_testing1" type="PLAIN_TEXT" />
      <mapping ext="taobao" type="PLAIN_TEXT" />
      <mapping ext="tmp" type="PLAIN_TEXT" />
      <mapping ext="release" type="PLAIN_TEXT" />
      <mapping ext="plantuml" type="PlantUML file" />
      <mapping pattern="testJson" type="TypeScript" />
      <mapping pattern="testJson.json" type="XHTML" />
      <removed_mapping ext="csv" approved="true" type="CSV file" />
      <removed_mapping ext="csv" approved="true" type="CSV/TSV" />
      <removed_mapping ext="ddl" approved="true" type="OdpsQL" />
      <removed_mapping ext="ignore" approved="true" type="IgnoreLang file" />
      <removed_mapping ext="rs" approved="true" type="Android RenderScript" />
      <removed_mapping ext="sql" approved="true" type="OdpsQL" />
      <removed_mapping ext="tsv" approved="true" type="TSV" />
      <removed_mapping ext="yaml" approved="true" type="YAML" />
      <removed_mapping ext="yml" approved="true" type="YAML_EX" />
      <mapping ext="odpsql" type="OdpsQL" />
      <mapping ext="q" type="OdpsQL" />
    </extensionMap>
  </component>
</application>