<application>
  <component name="IgnoredPluginSuggestions">
    <option name="pluginIds">
      <list>
        <option value="com.haulmont.jpab" />
        <option value="aws.toolkit" />
        <option value="com.jetbrains.jax.ws" />
        <option value="com.intellij.graalvm" />
        <option value="com.intellij.kubernetes" />
        <option value="com.microsoft.tooling.msservices.intellij.azure" />
        <option value="org.dynamodb4idea" />
        <option value="com.intellij.bigdatatools" />
      </list>
    </option>
  </component>
</application>