<application>
  <component name="UpdatesConfigurable">
    <option name="LAST_BUILD_CHECKED" value="IU-222.4345.14" />
    <option name="LAST_TIME_CHECKED" value="1679283183361" />
    <pluginHosts>
      <item value="https://plugins.jetbrains.com/plugins/alpha/5047" />
      <item value="http://ide.alibaba-inc.com/idea/plugins/list" />
      <item value="http://ide.alipay.net/plugin/list" />
    </pluginHosts>
    <option name="THIRD_PARTY_PLUGINS_ALLOWED" value="true" />
    <option name="WHATS_NEW_SHOWN_FOR" value="222" />
  </component>
</application>