<application>
  <component name="AppStorage">
    <option name="newTranslationDialogX" value="722" />
    <option name="newTranslationDialogY" value="147" />
    <histories>
      <item value="方言" />
      <item value="Formatable Java Class" />
      <item value="Invoke factory processors registered as beans in the context." />
      <item value="licensing" />
      <item value="预授权" />
      <item value="预售券" />
      <item value="grant" />
      <item value="授权" />
      <item value="商户代扣" />
      <item value="APPLET PAY" />
      <item value="Modulith" />
      <item value="multiply" />
      <item value="walk File Tree" />
      <item value="Generated Class" />
      <item value="extract From Bean Definition" />
      <item value="Bean Registrations Aot Contribution" />
      <item value="Bean Registrations Aot Processor" />
      <item value="If the given instance isn't relevant to the processor, it should return a {@code null} contribution." />
      <item value="Contributions typically generate source code or resource files that can be used when the AOT optimized application runs." />
      <item value="Processors are free to use any techniques they like to analyze the given instance." />
      <item value="Process the given {@link RegisteredBean} instance ahead-of-time and return a contribution or {@code null}." />
      <item value="In the case of inner-beans, the bean name may have been generated." />
      <item value="It provides access to the bean factory that contains the bean as well as the bean name. In the case of inner-beans, the bean name may have been generated." />
      <item value="but has not necessarily been instantiated. It provides access to the bean factory that contains the bean as well as the bean name. In the case of inner-beans, the bean name may have been generated." />
      <item value="Bean Factory Initialization Aot Contribution" />
      <item value="process Ahead Of Time" />
      <item value="If this method has previously been called with the given {@code featureName}{@code target} the existing class will be returned, otherwise a new class will be generated, otherwise a new class will be generated." />
      <item value="Create a new instance using the specified naming conventions." />
      <item value="the specified naming conventions." />
      <item value="conventions" />
      <item value="sequence Generator" />
      <item value="&lt;p&gt;This class is stateful, so the same instance should be used for all name generation." />
      <item value="&lt;p&gt;Generated classes can be flushed out using {@link writeGeneratedContent()} which should be called only once after the generation process using this instance has completed." />
      <item value="Callback to customize the ClassNameGenerator. By default, a standard ClassNameGenerator using the configured application entry point as the default target is used." />
      <item value="poet`" />
      <item value="poet" />
      <item value="reserve Method Names" />
      <item value="contribution" />
      <item value="protection Domain" />
      <item value="pre Determine Bean Types" />
      <item value="Zero date value prohibited" />
      <item value="TABLE" />
      <item value="SEQUENCE" />
      <item value="IDENTITY" />
      <item value="is Worth Trying" />
      <item value="Objenesis-based extension of {@link CglibAopProxy} to create proxy instances without invoking the constructor of the class. Used by default as of Spring 4." />
      <item value="Objenesis" />
      <item value="Objenesis Cglib Aop Proxy" />
      <item value="attempt Load" />
      <item value="represents the state of the bean factory," />
    </histories>
    <option name="languageScores">
      <map>
        <entry key="CHINESE" value="4005" />
        <entry key="ENGLISH" value="4006" />
        <entry key="ESTONIAN" value="1" />
        <entry key="POLISH" value="3" />
        <entry key="DANISH" value="6" />
        <entry key="GERMAN" value="4" />
        <entry key="FRENCH" value="2" />
        <entry key="FILIPINO" value="2" />
        <entry key="FINNISH" value="1" />
        <entry key="DUTCH" value="2" />
        <entry key="GALICIAN" value="1" />
        <entry key="CZECH" value="2" />
        <entry key="LITHUANIAN" value="1" />
        <entry key="ROMANIAN" value="1" />
        <entry key="MALAY" value="9" />
        <entry key="NORWEGIAN" value="5" />
        <entry key="PORTUGUESE" value="7" />
        <entry key="ESPERANTO" value="1" />
        <entry key="SPANISH" value="2" />
        <entry key="GREEK" value="1" />
        <entry key="HUNGARIAN" value="2" />
        <entry key="ITALIAN" value="6" />
        <entry key="HINDI" value="1" />
        <entry key="INDONESIAN" value="3" />
        <entry key="VIETNAMESE" value="1" />
      </map>
    </option>
  </component>
  <component name="Cache">
    <option name="lastTrimTime" value="1679289777197" />
  </component>
  <component name="Settings">
    <option name="baiduTranslateSettings">
      <app-key>
        <option name="appId" value="20200918000568562" />
      </app-key>
    </option>
    <option name="translator" value="BAIDU" />
    <option name="youdaoTranslateSettings">
      <youdao-translate>
        <option name="appId" value="2a51e2fd108c329a" />
      </youdao-translate>
    </option>
  </component>
</application>