<application>
  <component name="GeneralSettings">
    <option name="confirmExit" value="false" />
    <option name="showTipsOnStartup" value="false" />
  </component>
  <component name="Registry">
    <entry key="SBT.system.in.process" value="true" />
    <entry key="search.everywhere.symbols" value="false" />
    <entry key="debugger.click.disable.breakpoints" value="true" />
    <entry key="debugger.watches.in.variables" value="false" />
    <entry key="BSP.experimental.feature.enabled" value="false" />
    <entry key="BSP.system.in.process" value="true" />
    <entry key="ide.balloon.shadow.size" value="0" />
    <entry key="ide.mac.allowDarkWindowDecorations" value="true" />
    <entry key="ide.tree.ui.experimental" value="false" />
  </component>
</application>