<application>
  <component name="MaterialThemeConfig">
    <option name="highlightColorEnabled" value="true" />
    <option name="isContrastMode" value="true" />
    <option name="isHighContrast" value="true" />
    <option name="isWizardShown" value="true" />
    <option name="monochromeIcons" value="true" />
    <option name="pristineConfig" value="false" />
    <option name="tabFontSizeEnabled" value="true" />
    <option name="tabOpacity" value="12" />
    <option name="tabFontSize" value="14" />
    <option name="accentColor" value="ab47bc" />
    <option name="selectedTheme" value="PALENIGHT" />
    <option name="userId" value="-4f4b96a8:16ac4fb989a:-8000" />
    <option name="version" value="4.11.5" />
  </component>
</application>