<application>
  <component name="AppStorage">
    <histories>
      <item value="Class to be extended by all application events. Abstract as it * doesn't make sense for generic events to be published directly." />
      <item value="handset" />
      <item value="Handsel" />
      <item value="Initiative" />
      <item value="handler Poi Initiative Open" />
      <item value="Escape" />
      <item value="Toggle" />
      <item value="Grand total" />
      <item value="Grand" />
      <item value="累计" />
      <item value="特定的" />
      <item value="execute" />
      <item value="执行" />
      <item value="退出" />
      <item value="已经" />
      <item value="赠送" />
      <item value="送出" />
      <item value="presentation" />
      <item value="handsel" />
      <item value="deliver" />
      <item value="initiative" />
      <item value="主动" />
      <item value="failed" />
      <item value="CONSTANT" />
      <item value="valid" />
      <item value="有效" />
      <item value="无效" />
      <item value="unpark Successor" />
      <item value="spinlocks" />
      <item value="variant" />
      <item value="Hagersten" />
      <item value="Landin" />
      <item value="Craig" />
      <item value="Craig, Landin, and * Hagersten" />
      <item value="exclusive Owner Thread" />
      <item value="If the thread * creation fails, either due to the thread factory returning * null, or due to an exception (typically OutOfMemoryError in * Thread.start()), we roll back cleanly." />
      <item value="eligible" />
      <item value="respect" />
      <item value="accordingly" />
      <item value="adjusted" />
      <item value="enqueue" />
      <item value="offer" />
      <item value="修复" />
      <item value="fixed" />
    </histories>
    <option name="languageScores">
      <map>
        <entry key="CHINESE" value="22" />
        <entry key="ENGLISH" value="23" />
        <entry key="DANISH" value="1" />
        <entry key="SWEDISH" value="1" />
      </map>
    </option>
  </component>
</application>