<keymap version="1" name="macOS copy" parent="Mac OS X 10.5+">
  <action id="$EditorTranslateAction">
    <keyboard-shortcut first-keystroke="meta alt 1" />
  </action>
  <action id="$ShowInstantTranslationDialogAction">
    <keyboard-shortcut first-keystroke="meta alt 3" />
  </action>
  <action id="$ShowTranslationDialogAction">
    <keyboard-shortcut first-keystroke="meta alt 2" />
  </action>
  <action id="Annotate">
    <keyboard-shortcut first-keystroke="ctrl alt g" />
  </action>
  <action id="ChangesView.Move" />
  <action id="ChangesView.SetDefault" />
  <action id="ClassNameCompletion" />
  <action id="CodeCompletion" />
  <action id="Editor EditorTranslateAction">
    <keyboard-shortcut first-keystroke="meta alt 1" />
  </action>
  <action id="Editor ShowInstantTranslationDialogAction">
    <keyboard-shortcut first-keystroke="meta alt 3" />
  </action>
  <action id="Editor ShowTranslationDialogAction">
    <keyboard-shortcut first-keystroke="meta alt 2" />
  </action>
  <action id="GotoAction" />
  <action id="ServiceView.ShowServices" />
  <action id="Vcs.MoveChangedLinesToChangelist" />
</keymap>